nbrNeurones,minMSE
20,30725.166015625
60,30885.029296875
100,30408.84765625
140,30544.6484375
180,30491.5859375
220,30054.1484375
260,30511.134765625
300,30002.771484375
